<?xml version="1.0" encoding="utf-8"?>
<!DOCTYPE html PUBLIC "-//WAPFORUM//DTD XHTML Mobile 1.0//EN" "http://www.wapforum.org/DTD/xhtml-mobile10.dtd">
<html xmlns="http://www.w3.org/1999/xhtml"><head title="Nitin Senghani"><title>Nitin Senghani</title><meta name="description" content="Facebook helps you connect and share with the people in your life."/><meta name="referrer" content="default" id="meta_referrer"/><noscript><meta http-equiv="X-Frame-Options" content="deny"/></noscript><style type="text/css">/*<![CDATA[*/._3o-d{word-wrap:break-word}.acw{background-color:#fff}
.acbk{background-color:#000}
.acb{background-color:#3b5998}
.aclb{background-color:#eceff5}
.acdb{background-color:#31394a}
.acg{background-color:#f2f2f2}
.acy{background-color:#fffbe2;color:#7f7212}
.acr{background-color:#ffebe8;color:#6d220d}.aps{padding:2px 3px}
.apm{padding:4px 3px}
.apl{padding:6px 3px}.al{background-color:#d8dfea;border-top:solid 1px #3b5998}._52r{font-weight:bold;font-size:1em;margin:0;padding:0}.fcb{color:#000}
.fcg{color:gray}
.fcw{color:#fff}
.fcl{color:#3b5998}
.fcs{color:#6d84b4}.mfsxs{font-size:x-small}
.mfss{font-size:small}
body, tr, input, textarea, .mfsm{font-size:medium}
.mfsl{font-size:large}.nontouch a,
.nontouch a:visited{color:#3b5998;text-decoration:none}
.nontouch .sub,
.nontouch .sub:visited{color:gray}
.nontouch .sec,
.nontouch .sec:visited{color:#6d84b4}
.nontouch .inv,
.nontouch .inv:visited{color:#fff}.nontouch a:focus,
.nontouch a:hover,
.nontouch .sub:focus,
.nontouch .sub:hover,
.nontouch .sec:focus,
.nontouch .sec:hover{background-color:#3b5998;color:#fff}
.nontouch .inv:focus,
.nontouch .inv:hover{background-color:#fff;color:#3b5998}.ib .l{display:inline-block;margin-right:4px}
.ib .ext{margin-left:4px}
.nontouch .ib .l{float:left}
.nontouch .ib .c{display:table-cell}
.nontouch .ib .ext{float:right}.clear{clear:both}.profpic{background:#eceff5}.img{border:0;display:inline-block;vertical-align:top}
i.img u{position:absolute;width:0;height:0;overflow:hidden}.imgCropWrap{position:relative;overflow:hidden}
.imgCrop{position:absolute}.timeline .cover .coverInfoSection{padding-bottom:7px}
.landscape .timeline .cover .actionLinks{padding:3px 14px 7px}
.timeline .cover .byline{padding:0 4px 12px}
.timeline .cover .byline .bylineItem{color:#7f848b;padding:2px 0}
.timeline .cover .byline .bylineItem .text{line-height:15px;white-space:normal}
.timeline.nontouch .cover .byline .bylineItem .img{padding-top:2px}
.timeline.nontouch .cover .byline .bylineItem .text{line-height:normal}
.timeline .cover .coverHeaderSection{min-height:54px;position:relative}
.timeline .cover .profileName{color:#42464d;font-size:19px;font-weight:bold}
.timeline.nontouch .cover .profileName{margin-left:0;position:static}
.timeline.nontouch .cover .presenceIcon{margin-left:5px;vertical-align:baseline}
.timeline .cover .profileName.small{font-size:15px}
.timeline .cover .profileName.wrap{margin:5px 5px 2px 110px}
.timeline .cover .basicNavItems{padding-left:4px}.profileMapRounded .profileMapTile{border-radius:7px;box-shadow:inset 0 0 1px rgba(0, 0, 0, .4)}
.profileMapRounded .profileMapTile.touched:after{border-radius:7px}.btnBar .btnForm,
.btnBar .btn{display:block}.btn{border:solid 2px;cursor:pointer;margin:0;padding:2px 6px 3px;text-align:center}
.btn.largeBtn{display:block}
button.largeBtn,
input.largeBtn{width:100%}
.btnForm{display:inline;border:none;padding:0}
.btnD,
.acb .btnC,
.btnI,
.nontouch a.btnD,
.nontouch .acb a.btnC,
.nontouch a.btnI{background:#f3f4f5;border-color:#ccc #aaa #999;color:#505c77}
.acb .btnD,
.btnC,
.acb .btnI,
.nontouch .acb a.btnD,
.nontouch a.btnC,
.nontouch .acb a.btnI{background:#5b74a8;border-color:#8a9ac5 #29447E #1a356e;color:#fff}
.btnS,
.nontouch a.btnS{background:#69a74e;border-color:#98c37d #3b6e22 #2c5115;color:#fff}
.btnN,
.nontouch a.btnN{background:#ee3f10;border-color:#f48365 #8d290e #762610;color:#fff}.btn,
.btnForm{display:inline-block}
.btn + .btn,
.btnForm + .btnForm,
.btn + .btnForm,
.btnForm + .btn{margin-left:3px}
.largeBtn + .largeBtn{margin-left:0;margin-top:6px}
.btn input{background:none;border:none;margin:0;padding:0}
.btnD input,
.acb .btnC input,
.btnI input{color:#505c77}
.acb .btnD input,
.btnC input,
.acb .btnI input,
.btnS input,
.btnN input{color:#fff}.mBasicOnDesktop{margin:0 auto;max-width:600px}.lr{width:100%}
.lr .r{text-align:right}.abt{border-top:1px solid}
.abb{border-bottom:1px solid}
.acw{border-color:#e9e9e9}
.acb{border-color:#1d4088}
.aclb{border-color:#d8dfea}
.acg{border-color:#ccc}
.acy{border-color:#e2c822}
.acr{border-color:#dd3c10}form{margin:0;border:0}.comboInput{width:100%}
.comboInput td{vertical-align:top;padding:0}
.comboInput .inputCell{width:100%}
.comboInput .btnCell{padding-left:5px}
.comboInput .input{display:block;width:100%}
.comboInput .inputPic{padding-right:5px}.input{border:solid 1px #999;border-top-color:#888;margin:0;padding:3px}
.nontouch .input{padding:3px 3px 4px 0}.marquee{padding-bottom:1px}
.marquee a{padding:2px 4px 2px}
.marquee_tab_select{color:#fff;background-color:#6d84b4}
.fcy{color:#faf7e1}body{margin:0;padding:0;text-align:left;direction:ltr}
body, tr, input, textarea, button{font-family:sans-serif}/*]]>*/</style></head><body class="nontouch"><div class="mfsm"><div id="viewport" class="mBasicOnDesktop"><div id="root" tabindex="0" role="main" class="tlSubpage"><div class="acb aps" id="header"><table cellspacing="0" cellpadding="0" class="lr"><tr><td valign="top"><a href="http://m.facebook.com/home.php?refid=17"><img src="Nitin%20Senghani_files/aKhO2tw3.png" width="76" height="20" class="img" alt="facebook"/></a></td><td valign="top" class="r"><span class="mfss"><a class="inv" href="http://m.facebook.com/nitin.senghani.1?v=info&amp;refid=17#search">Search</a></span></td></tr></table></div><span><div class="marquee acb"><span class="mfss"><a class="inv" href="http://m.facebook.com/home.php?refid=17" accesskey="0">Home</a></span><span class="mfss"><a class="inv" href="http://m.facebook.com/chandrika.anil?refid=17" accesskey="1">Timeline</a></span><span class="mfss"><a class="inv" href="http://m.facebook.com/friends/?refid=17" accesskey="2">Friends</a></span><span class="mfss"><a class="inv" href="http://m.facebook.com/messages/?refid=17" accesskey="3">Messages(8)</a></span></div><div class="marquee acb"><span class="mfss"><a class="inv" href="http://m.facebook.com/notifications.php?refid=17" accesskey="4">Notifications(16)</a></span><span class="mfss"><a class="inv" href="http://m.facebook.com/buddylist.php?refid=17" accesskey="5">Chat(110)</a></span><span class="mfss"><a class="inv" href="http://m.facebook.com/pages?refid=17">Pages</a></span></div></span><div id="objects_container"><div class="timeline aboutme"><div class="cover" data-sigil="timeline-cover"><div></div><div class="acw apl"><div class="ib"><a class="l" href="http://m.facebook.com/photo.php?fbid=429035270514298&amp;id=100002234874386&amp;set=a.107813342636494.16741.100002234874386&amp;refid=17"><i class="img imgCropWrap profpic" style="background-color:#d8dce6;width:50px;height:50px;" aria-label="Nitin Senghani" role="img"><img src="Nitin%20Senghani_files/371345_1.jpg" class="imgCrop img" style="width:100%;height:100%;left:0;top:0;"/></i></a><div class="c"><span><strong class="profileName">Nitin Senghani</strong></span><br/><span class="mfss fcg"><span><div class="ib bylineItem"><img src="Nitin%20Senghani_files/1HRQT0Oc.png" width="12" height="14" class="l img"/><span class="c mfss">Camp Boss at <a href="http://m.facebook.com/profile.php?id=192586317453655&amp;refid=17">al turki co. pdo. Camp boss nimr new camp</a></span><div class="clear"></div></div><div class="ib bylineItem"><img src="Nitin%20Senghani_files/kkE5oR4e.png" width="12" height="14" class="l img"/><span class="c mfss">Went to <a href="http://m.facebook.com/profile.php?id=108539045844052&amp;refid=17">M.S.V. High School, Madhapar</a></span><div class="clear"></div></div></span></span></div><div class="clear"></div></div></div><div class="actionLinks"><table class="btnBar"><tr><td><a class="btn btnD" href="http://m.facebook.com/chat/messages.php?id=100002234874386&amp;refid=17">Message</a></td><td><a class="btn btnD" href="http://m.facebook.com/a/profile.php?poke&amp;id=100002234874386&amp;gfid=AQBPCpQdq2xPyX5U&amp;refid=17">Poke</a></td></tr></table></div><div class="basicNavItems mfss fcg"><a class="sec" href="http://m.facebook.com/nitin.senghani.1?v=timeline&amp;refid=17">Timeline</a> · <a class="sec" href="http://m.facebook.com/nitin.senghani.1?v=friends&amp;refid=17">Friends</a> · <a class="sec" href="http://m.facebook.com/nitin.senghani.1?v=photos&amp;refid=17">Photos</a> · <a class="sec" href="http://m.facebook.com/nitin.senghani.1?v=likes&amp;refid=17">Likes</a> · <a class="sec" href="http://m.facebook.com/nitin.senghani.1?v=following&amp;refid=17">Following</a></div></div><div class="eduwork"><div class="_3o-d"><div class="_3o-e acw" data-sigil="timeline-label"><h3 class="_52r al aps">Work</h3></div><div><div class="acw apm"><div class="ib experience"><a class="l" href="http://m.facebook.com/profile.php?id=192586317453655&amp;refid=17"><i class="img imgCropWrap hubIcon profpic" style="background-color:;width:50px;height:50px;" aria-label="al turki co. pdo. Camp boss nimr new camp" role="img"><img src="Nitin%20Senghani_files/399548_1.png" class="imgCrop img" style="width:100%;height:100%;left:0;top:0;"/></i></a><div class="c"><div class="expLine"><strong><a href="http://m.facebook.com/profile.php?id=192586317453655&amp;refid=17">al turki co. pdo. Camp boss nimr new camp</a></strong></div><div class="expLine"><span class="fcg">Camp Boss</span></div><div class="expLine"><span class="fcg">In Feb 2010</span></div></div><div class="clear"></div></div></div></div></div><div class="_3o-d"><div class="_3o-e acw" data-sigil="timeline-label"><h3 class="_52r al aps">Education</h3></div><div><div class="acw apm"><div class="ib experience"><a class="l" href="http://m.facebook.com/profile.php?id=108539045844052&amp;refid=17"><i class="img imgCropWrap hubIcon profpic" style="background-color:;width:50px;height:50px;" aria-label="M.S.V. High School, Madhapar" role="img"><img src="Nitin%20Senghani_files/580846_1.png" class="imgCrop img" style="width:100%;height:100%;left:0;top:0;"/></i></a><div class="c"><div class="expLine"><strong><a href="http://m.facebook.com/profile.php?id=108539045844052&amp;refid=17">M.S.V. High School, Madhapar</a></strong></div><div class="expLine"><span class="fcg">Class of 1998</span></div></div><div class="clear"></div></div></div></div></div></div><div class="_3o-d" id="living-section"><div class="_3o-e acw" data-sigil="timeline-label"><h3 class="_52r al aps">Living</h3></div><div class="acw apm"><table><tr title="Hometown"><th valign="top"><div class="mfsm">Hometown</div></th><td><div class="mfsm"><a href="http://m.facebook.com/profile.php?id=105600669474407&amp;refid=17">Bhuj</a></div></td></tr></table></div></div><div class="_3o-d" id="basic_info"><div class="_3o-e acw" data-sigil="timeline-label"><h3 class="_52r al aps">Basic Info</h3></div><div class="acw apm"><table><tr title="Sex"><th valign="top"><div class="mfsm">Sex</div></th><td><div class="mfsm">Male</div></td></tr><tr title="Interested In"><th valign="top"><div class="mfsm">Interested In</div></th><td><div class="mfsm">Women</div></td></tr><tr title="Birthday"><th valign="top"><div class="mfsm">Birthday</div></th><td><div class="mfsm">July 30, 1985</div></td></tr></table></div></div><div class="_3o-d" id="bio-section"><div class="_3o-e acw" data-sigil="timeline-label"><h3 class="_52r al aps">About Nitin</h3></div><div><div class="acw apm">jio our jine 2</div></div></div><div class="_3o-d" id="contact"><div class="_3o-e acw" data-sigil="timeline-label"><h3 class="_52r al aps">Contact</h3></div><div class="acw apm"><table><tr title="Mobile"><th valign="top"><div class="mfsm">Mobile</div></th><td><div class="mfsm"><span><span dir="ltr">+968 9962 4518</span></span></div></td></tr><tr title="Facebook"><th valign="top"><div class="mfsm">Facebook</div></th><td><div class="mfsm"> /nitin.senghani.1</div></td></tr><tr title="Skype"><th valign="top"><div class="mfsm">Skype</div></th><td><div class="mfsm">nitin senghani</div></td></tr><tr><th valign="top"><div class="mfsm">Email</div></th><td><div class="mfsm"><a href="mailto:nitin.senghani.1%40facebook.com">nitin.senghani.1@facebook.com</a></div></td></tr></table></div></div><div class="_3o-d" id="family-block"><div data-sigil="edit-section-container"></div><div data-sigil="edit-section-container"><div class="_3o-e acw" data-sigil="timeline-label"><h3 class="_52r al aps">Family</h3></div><div data-sigil="data-list"><div class="acw apm"><div class="ib experience"><a class="l" href="http://m.facebook.com/akshay.g.patel?refid=17"><i class="img imgCropWrap hubIcon profpic" style="background-color:#d8dce6;width:50px;height:50px;" aria-label="Akshay Patel" role="img"><img src="Nitin%20Senghani_files/49637_10.jpg" class="imgCrop img" style="width:100%;height:100%;left:0;top:0;"/></i></a><div class="c"><div><a class="name" href="http://m.facebook.com/akshay.g.patel?refid=17"><strong class="name">Akshay Patel</strong></a></div><div><span class="fcg">Cousin</span></div></div><div class="clear"></div></div></div></div></div></div></div></div><div id="footer"><div class="acw apm"><a href="http://m.facebook.com/nitin.senghani.1?v=info&amp;refid=17#header">[ ↑ ] Top</a></div><div class="acw apm abt" id="search"><form method="get" action="http://m.facebook.com/search/"><input type="hidden" name="refid" value="17"/><input type="hidden" autocomplete="off" name="search"/><table cellspacing="0" cellpadding="0" class="comboInput"><tr><td class="inputCell"><input class="input" name="query" size="15" type="text"/></td><td class="btnCell"><input value="Search" type="submit" class="btn btnD"/></td></tr></table></form></div><div class="acw apm"><span class="mfss fcg"><a class="sec" href="http://m.facebook.com/survey.php?refid=17">Survey</a>&nbsp;<span role="separator" aria-hidden="true">·</span>&nbsp;<a class="sec" href="http://m.facebook.com/help/?refid=17">Help</a>&nbsp;<span role="separator" aria-hidden="true">·</span>&nbsp;<a class="sec" href="http://m.facebook.com/settings/?refid=17">Settings</a>&nbsp;<span role="separator" aria-hidden="true">·</span>&nbsp;<a class="sec" href="http://m.facebook.com/privacy/?refid=17">Privacy &amp; Terms</a>&nbsp;<span role="separator" aria-hidden="true">·</span>&nbsp;<a class="sec" href="http://m.facebook.com/bugnub/?refid=17">Report a Problem</a></span><br/><span class="mfss fcg"><a href="http://m.facebook.com/logout.php?h=Afe2IrMbXNzLLIsw&amp;t=1362734900&amp;refid=17" data-sigil="logout">Logout</a> (Anisha Kerai)</span></div><div class="acw apm"><span class="mfss fcg"><a href="http://m.facebook.com/l.php?u=http%3A%2F%2Fwap.rworld.co.in%2F&amp;h=_AQGmDFgt&amp;s=1" target="_blank">RWorld Portal</a></span></div></div></div></div><input type="hidden" id="m_user_DEPRECATED" value="100002620715061"/><div id="static_templates"></div></div></body></html>
<!-- This document saved from http://m.facebook.com/nitin.senghani.1?v=info&refid=17 -->
